<?xml version="1.0" encoding="UTF-8" standalone="yes"?>
<a:clrScheme xmlns:a="http://schemas.openxmlformats.org/drawingml/2006/main" name="Slidehelper - 145"><a:dk1><a:sysClr val="windowText" lastClr="000000"/></a:dk1><a:lt1><a:sysClr val="window" lastClr="FFFFFF"/></a:lt1><a:dk2><a:srgbClr val="323232"/></a:dk2><a:lt2><a:srgbClr val="E3DED1"/></a:lt2>

<a:accent1><a:srgbClr val="B71C1C"/></a:accent1>
<a:accent2><a:srgbClr val="C62828"/></a:accent2>
<a:accent3><a:srgbClr val="D32F2F"/></a:accent3>
<a:accent4><a:srgbClr val="E53935"/></a:accent4>
<a:accent5><a:srgbClr val="F44336"/></a:accent5>
<a:accent6><a:srgbClr val="EF5350"/></a:accent6>

<a:hlink><a:srgbClr val="B71C1C"/></a:hlink>
<a:folHlink><a:srgbClr val="C62828"/></a:folHlink>
</a:clrScheme>