<?xml version="1.0" encoding="UTF-8" standalone="yes"?>
<a:clrScheme xmlns:a="http://schemas.openxmlformats.org/drawingml/2006/main" name="Slidehelper - 029"><a:dk1><a:sysClr val="windowText" lastClr="000000"/></a:dk1><a:lt1><a:sysClr val="window" lastClr="FFFFFF"/></a:lt1><a:dk2><a:srgbClr val="323232"/></a:dk2><a:lt2><a:srgbClr val="E3DED1"/></a:lt2>

<a:accent1><a:srgbClr val="f0b67f"/></a:accent1>
<a:accent2><a:srgbClr val="fe5f55"/></a:accent2>
<a:accent3><a:srgbClr val="d6d1b1"/></a:accent3>
<a:accent4><a:srgbClr val="c7efcf"/></a:accent4>
<a:accent5><a:srgbClr val="eef5db"/></a:accent5>
<a:accent6><a:srgbClr val="BFBFBF"/></a:accent6>

<a:hlink><a:srgbClr val="f0b67f"/></a:hlink>
<a:folHlink><a:srgbClr val="fe5f55"/></a:folHlink>
</a:clrScheme>