<?xml version="1.0" encoding="UTF-8" standalone="yes"?>
<a:clrScheme xmlns:a="http://schemas.openxmlformats.org/drawingml/2006/main" name="Slidehelper - 045"><a:dk1><a:sysClr val="windowText" lastClr="000000"/></a:dk1><a:lt1><a:sysClr val="window" lastClr="FFFFFF"/></a:lt1><a:dk2><a:srgbClr val="323232"/></a:dk2><a:lt2><a:srgbClr val="E3DED1"/></a:lt2>

<a:accent1><a:srgbClr val="5e6472"/></a:accent1>
<a:accent2><a:srgbClr val="ffa69e"/></a:accent2>
<a:accent3><a:srgbClr val="aed9e0"/></a:accent3>
<a:accent4><a:srgbClr val="b8f2e6"/></a:accent4>
<a:accent5><a:srgbClr val="faf3dd"/></a:accent5>
<a:accent6><a:srgbClr val="BFBFBF"/></a:accent6>

<a:hlink><a:srgbClr val="5e6472"/></a:hlink>
<a:folHlink><a:srgbClr val="ffa69e"/></a:folHlink>
</a:clrScheme>