<?xml version="1.0" encoding="UTF-8" standalone="yes"?>
<a:clrScheme xmlns:a="http://schemas.openxmlformats.org/drawingml/2006/main" name="Slidehelper - 120"><a:dk1><a:sysClr val="windowText" lastClr="000000"/></a:dk1><a:lt1><a:sysClr val="window" lastClr="FFFFFF"/></a:lt1><a:dk2><a:srgbClr val="323232"/></a:dk2><a:lt2><a:srgbClr val="E3DED1"/></a:lt2>

<a:accent1><a:srgbClr val="B8C6D1"/></a:accent1>
<a:accent2><a:srgbClr val="5A7284"/></a:accent2>
<a:accent3><a:srgbClr val="D1C7B8"/></a:accent3>
<a:accent4><a:srgbClr val="DFE8E6"/></a:accent4>
<a:accent5><a:srgbClr val="0F5E8C"/></a:accent5>
<a:accent6><a:srgbClr val="EFECCA"/></a:accent6>

<a:hlink><a:srgbClr val="B8C6D1"/></a:hlink>
<a:folHlink><a:srgbClr val="5A7284"/></a:folHlink>
</a:clrScheme>