<?xml version="1.0" encoding="UTF-8" standalone="yes"?>
<a:clrScheme xmlns:a="http://schemas.openxmlformats.org/drawingml/2006/main" name="Slidehelper - 059"><a:dk1><a:sysClr val="windowText" lastClr="000000"/></a:dk1><a:lt1><a:sysClr val="window" lastClr="FFFFFF"/></a:lt1><a:dk2><a:srgbClr val="323232"/></a:dk2><a:lt2><a:srgbClr val="E3DED1"/></a:lt2>

<a:accent1><a:srgbClr val="004358"/></a:accent1>
<a:accent2><a:srgbClr val="1F8A70"/></a:accent2>
<a:accent3><a:srgbClr val="BEDB39"/></a:accent3>
<a:accent4><a:srgbClr val="FFE11A"/></a:accent4>
<a:accent5><a:srgbClr val="FD7400"/></a:accent5>
<a:accent6><a:srgbClr val="EFECCA"/></a:accent6>

<a:hlink><a:srgbClr val="004358"/></a:hlink>
<a:folHlink><a:srgbClr val="1F8A70"/></a:folHlink>
</a:clrScheme>