<?xml version="1.0" encoding="UTF-8" standalone="yes"?>
<a:clrScheme xmlns:a="http://schemas.openxmlformats.org/drawingml/2006/main" name="Slidehelper - 013"><a:dk1><a:sysClr val="windowText" lastClr="000000"/></a:dk1><a:lt1><a:sysClr val="window" lastClr="FFFFFF"/></a:lt1><a:dk2><a:srgbClr val="323232"/></a:dk2><a:lt2><a:srgbClr val="E3DED1"/></a:lt2>

<a:accent1><a:srgbClr val="bce784"/></a:accent1>
<a:accent2><a:srgbClr val="5dd39e"/></a:accent2>
<a:accent3><a:srgbClr val="348aa7"/></a:accent3>
<a:accent4><a:srgbClr val="525174"/></a:accent4>
<a:accent5><a:srgbClr val="513b56"/></a:accent5>
<a:accent6><a:srgbClr val="BFBFBF"/></a:accent6>

<a:hlink><a:srgbClr val="bce784"/></a:hlink>
<a:folHlink><a:srgbClr val="5dd39e"/></a:folHlink>
</a:clrScheme>