<?xml version="1.0" encoding="UTF-8" standalone="yes"?>
<a:clrScheme xmlns:a="http://schemas.openxmlformats.org/drawingml/2006/main" name="Slidehelper - 027"><a:dk1><a:sysClr val="windowText" lastClr="000000"/></a:dk1><a:lt1><a:sysClr val="window" lastClr="FFFFFF"/></a:lt1><a:dk2><a:srgbClr val="323232"/></a:dk2><a:lt2><a:srgbClr val="E3DED1"/></a:lt2>

<a:accent1><a:srgbClr val="3d315b"/></a:accent1>
<a:accent2><a:srgbClr val="444b6e"/></a:accent2>
<a:accent3><a:srgbClr val="708b75"/></a:accent3>
<a:accent4><a:srgbClr val="9ab87a"/></a:accent4>
<a:accent5><a:srgbClr val="f8f991"/></a:accent5>
<a:accent6><a:srgbClr val="BFBFBF"/></a:accent6>

<a:hlink><a:srgbClr val="3d315b"/></a:hlink>
<a:folHlink><a:srgbClr val="444b6e"/></a:folHlink>
</a:clrScheme>