<?xml version="1.0" encoding="UTF-8" standalone="yes"?>
<a:clrScheme xmlns:a="http://schemas.openxmlformats.org/drawingml/2006/main" name="Slidehelper - 112"><a:dk1><a:sysClr val="windowText" lastClr="000000"/></a:dk1><a:lt1><a:sysClr val="window" lastClr="FFFFFF"/></a:lt1><a:dk2><a:srgbClr val="323232"/></a:dk2><a:lt2><a:srgbClr val="E3DED1"/></a:lt2>

<a:accent1><a:srgbClr val="0A7B83"/></a:accent1>
<a:accent2><a:srgbClr val="2AA876"/></a:accent2>
<a:accent3><a:srgbClr val="FFD265"/></a:accent3>
<a:accent4><a:srgbClr val="F19C65"/></a:accent4>
<a:accent5><a:srgbClr val="CE4D45"/></a:accent5>
<a:accent6><a:srgbClr val="EFECCA"/></a:accent6>

<a:hlink><a:srgbClr val="0A7B83"/></a:hlink>
<a:folHlink><a:srgbClr val="2AA876"/></a:folHlink>
</a:clrScheme>