<?xml version="1.0" encoding="UTF-8" standalone="yes"?>
<a:clrScheme xmlns:a="http://schemas.openxmlformats.org/drawingml/2006/main" name="Slidehelper - 007"><a:dk1><a:sysClr val="windowText" lastClr="000000"/></a:dk1><a:lt1><a:sysClr val="window" lastClr="FFFFFF"/></a:lt1><a:dk2><a:srgbClr val="323232"/></a:dk2><a:lt2><a:srgbClr val="E3DED1"/></a:lt2>

<a:accent1><a:srgbClr val="1a535c"/></a:accent1>
<a:accent2><a:srgbClr val="4ecdc4"/></a:accent2>
<a:accent3><a:srgbClr val="ff6b6b"/></a:accent3>
<a:accent4><a:srgbClr val="ffe66d"/></a:accent4>
<a:accent5><a:srgbClr val="f7fff7"/></a:accent5>
<a:accent6><a:srgbClr val="BFBFBF"/></a:accent6>

<a:hlink><a:srgbClr val="1a535c"/></a:hlink>
<a:folHlink><a:srgbClr val="4ecdc4"/></a:folHlink>
</a:clrScheme>