<?xml version="1.0" encoding="UTF-8" standalone="yes"?>
<a:clrScheme xmlns:a="http://schemas.openxmlformats.org/drawingml/2006/main" name="Slidehelper - 009"><a:dk1><a:sysClr val="windowText" lastClr="000000"/></a:dk1><a:lt1><a:sysClr val="window" lastClr="FFFFFF"/></a:lt1><a:dk2><a:srgbClr val="323232"/></a:dk2><a:lt2><a:srgbClr val="E3DED1"/></a:lt2>

<a:accent1><a:srgbClr val="ed6a5a"/></a:accent1>
<a:accent2><a:srgbClr val="f4f1bb"/></a:accent2>
<a:accent3><a:srgbClr val="9bc1bc"/></a:accent3>
<a:accent4><a:srgbClr val="5ca4a9"/></a:accent4>
<a:accent5><a:srgbClr val="e6ebe0"/></a:accent5>
<a:accent6><a:srgbClr val="BFBFBF"/></a:accent6>

<a:hlink><a:srgbClr val="d8e2dc"/></a:hlink>
<a:folHlink><a:srgbClr val="f4f1bb"/></a:folHlink>
</a:clrScheme>